ID,x_initial,y_initial,x_final,y_final,cluster,,X,Y,ID,Cluster,x_c0,y_c0,x_c1,y_c1,x_c2,y_c2,x_c3,y_c3,x_c4,y_c4,,,,,Class ID,ID,Confidence LV,x_initial,y_initial,x_final,y_final,cluster,,,X,Y,ID,Cluster,,,,
10,480,5,312,512,0,,511,4,8,2,#N/A,#N/A,#N/A,#N/A,511,4,#N/A,#N/A,#N/A,#N/A,,,,,car,10,0.783,480,5,312,512,0,,init,480,5,1,0,,,,#NAME?
8,511,4,680,510,2,,680,527,12,2,#N/A,#N/A,#N/A,#N/A,680,527,#N/A,#N/A,#N/A,#N/A,,,,,car,8,0.764,511,4,680,510,2,,final,312,512,,0,,,,
12,522,20,680,527,2,,520,4,18,2,#N/A,#N/A,#N/A,#N/A,520,4,#N/A,#N/A,#N/A,#N/A,,,,,car,12,0.770,522,20,680,527,2,,,511,4,2,2,,,,
18,520,4,642,403,2,,671,447,14,2,#N/A,#N/A,#N/A,#N/A,671,447,#N/A,#N/A,#N/A,#N/A,,,,,car,18,0.786,520,4,642,403,2,,,680,510,,2,,,,
14,527,11,671,447,2,,571,18,16,2,#N/A,#N/A,#N/A,#N/A,571,18,#N/A,#N/A,#N/A,#N/A,,,,,car,14,0.748,527,11,671,447,2,,,522,20,3,2,,,,
16,571,18,900,439,2,,911,451,17,2,#N/A,#N/A,#N/A,#N/A,911,451,#N/A,#N/A,#N/A,#N/A,,,,,car,16,0.742,571,18,900,439,2,,,680,527,,2,,,,
17,560,4,911,451,2,,524,3,19,2,#N/A,#N/A,#N/A,#N/A,524,3,#N/A,#N/A,#N/A,#N/A,,,,,car,17,0.794,560,4,911,451,2,,,520,4,4,2,,,,
19,524,3,691,495,2,,552,13,30,1,#N/A,#N/A,552,13,#N/A,#N/A,#N/A,#N/A,#N/A,#N/A,,,,,car,19,0.795,524,3,691,495,2,,,642,403,,2,,,,
30,538,11,552,13,1,,343,25,40,3,#N/A,#N/A,#N/A,#N/A,#N/A,#N/A,343,25,#N/A,#N/A,,,,,car,30,0.598,538,11,552,13,1,,,527,11,5,2,,,,
40,343,25,340,26,3,,644,378,22,2,#N/A,#N/A,#N/A,#N/A,644,378,#N/A,#N/A,#N/A,#N/A,,,,,car,40,0.729,343,25,340,26,3,,,671,447,,2,,,,
22,530,7,644,378,2,,314,36,42,3,#N/A,#N/A,#N/A,#N/A,#N/A,#N/A,314,36,#N/A,#N/A,,,,,car,22,0.808,530,7,644,378,2,,,,,,,,,,
42,314,36,319,41,3,,475,27,45,1,#N/A,#N/A,475,27,#N/A,#N/A,#N/A,#N/A,#N/A,#N/A,,,,,car,42,0.584,314,36,319,41,3,,,,,,,,,,
45,476,21,475,27,1,,357,39,47,3,#N/A,#N/A,#N/A,#N/A,#N/A,#N/A,357,39,#N/A,#N/A,,,,,car,45,0.633,476,21,475,27,1,,,,,,,,,,
47,357,39,363,42,3,,523,28,37,1,#N/A,#N/A,523,28,#N/A,#N/A,#N/A,#N/A,#N/A,#N/A,,,,,car,47,0.634,357,39,363,42,3,,,,,,,,,,
37,526,22,523,28,1,,508,3,23,0,508,3,#N/A,#N/A,#N/A,#N/A,#N/A,#N/A,#N/A,#N/A,,,,,car,37,0.811,526,22,523,28,1,,,,,,,,,,
23,508,3,411,469,0,,406,488,21,0,406,488,#N/A,#N/A,#N/A,#N/A,#N/A,#N/A,#N/A,#N/A,,,,,car,23,0.801,508,3,411,469,0,,,,,,,,,,
21,484,3,406,488,0,,523,6,32,1,#N/A,#N/A,523,6,#N/A,#N/A,#N/A,#N/A,#N/A,#N/A,,,,,car,21,0.788,484,3,406,488,0,,,,,,,,,,
32,523,6,539,29,1,,484,44,50,1,#N/A,#N/A,484,44,#N/A,#N/A,#N/A,#N/A,#N/A,#N/A,,,,,car,32,0.707,523,6,539,29,1,,,,,,,,,,
50,481,40,484,44,1,,510,41,46,1,#N/A,#N/A,510,41,#N/A,#N/A,#N/A,#N/A,#N/A,#N/A,,,,,car,50,0.665,481,40,484,44,1,,,,,,,,,,
46,510,41,519,42,1,,548,46,41,1,#N/A,#N/A,548,46,#N/A,#N/A,#N/A,#N/A,#N/A,#N/A,,,,,car,46,0.773,510,41,519,42,1,,,,,,,,,,
41,540,13,548,46,1,,507,37,43,1,#N/A,#N/A,507,37,#N/A,#N/A,#N/A,#N/A,#N/A,#N/A,,,,,car,41,0.817,540,13,548,46,1,,,,,,,,,,
43,507,37,510,59,1,,644,477,26,2,#N/A,#N/A,#N/A,#N/A,644,477,#N/A,#N/A,#N/A,#N/A,,,,,car,43,0.782,507,37,510,59,1,,,,,,,,,,
26,539,12,644,477,2,,545,3,29,2,#N/A,#N/A,#N/A,#N/A,545,3,#N/A,#N/A,#N/A,#N/A,,,,,car,26,0.792,539,12,644,477,2,,,,,,,,,,
29,545,3,882,447,2,,562,65,53,1,#N/A,#N/A,562,65,#N/A,#N/A,#N/A,#N/A,#N/A,#N/A,,,,,car,29,0.831,545,3,882,447,2,,,,,,,,,,
53,552,49,562,65,1,,561,3,27,2,#N/A,#N/A,#N/A,#N/A,561,3,#N/A,#N/A,#N/A,#N/A,,,,,car,53,0.908,552,49,562,65,1,,,,,,,,,,
27,561,3,888,458,2,,901,472,25,2,#N/A,#N/A,#N/A,#N/A,901,472,#N/A,#N/A,#N/A,#N/A,,,,,car,27,0.819,561,3,888,458,2,,,,,,,,,,
25,569,5,901,472,2,,478,4,28,0,478,4,#N/A,#N/A,#N/A,#N/A,#N/A,#N/A,#N/A,#N/A,,,,,car,25,0.761,569,5,901,472,2,,,,,,,,,,
28,478,4,94,484,0,,546,75,63,1,#N/A,#N/A,546,75,#N/A,#N/A,#N/A,#N/A,#N/A,#N/A,,,,,car,28,0.828,478,4,94,484,0,,,,,,,,,,
63,556,74,546,75,1,,486,56,58,1,#N/A,#N/A,486,56,#N/A,#N/A,#N/A,#N/A,#N/A,#N/A,,,,,car,63,0.782,556,74,546,75,1,,,,,,,,,,
58,486,56,487,57,1,,951,138,1,4,#N/A,#N/A,#N/A,#N/A,#N/A,#N/A,#N/A,#N/A,951,138,,,,,car,58,0.759,486,56,487,57,1,,,,,,,,,,
1,917,18,951,138,4,,499,10,24,1,#N/A,#N/A,499,10,#N/A,#N/A,#N/A,#N/A,#N/A,#N/A,,,,,person,1,0.519,917,18,951,138,4,,,,,,,,,,
24,499,10,513,54,1,,335,60,36,3,#N/A,#N/A,#N/A,#N/A,#N/A,#N/A,335,60,#N/A,#N/A,,,,,car,24,0.758,499,10,513,54,1,,,,,,,,,,
36,323,14,335,60,3,,910,59,9,4,#N/A,#N/A,#N/A,#N/A,#N/A,#N/A,#N/A,#N/A,910,59,,,,,car,36,0.649,323,14,335,60,3,,,,,,,,,,
9,910,59,952,132,4,,500,76,62,1,#N/A,#N/A,500,76,#N/A,#N/A,#N/A,#N/A,#N/A,#N/A,,,,,person,9,0.610,910,59,952,132,4,,,,,,,,,,
62,499,73,500,76,1,,621,35,54,1,#N/A,#N/A,621,35,#N/A,#N/A,#N/A,#N/A,#N/A,#N/A,,,,,car,62,0.917,499,73,500,76,1,,,,,,,,,,
54,621,35,664,53,1,,674,479,44,2,#N/A,#N/A,#N/A,#N/A,674,479,#N/A,#N/A,#N/A,#N/A,,,,,car,54,0.701,621,35,664,53,1,,,,,,,,,,
44,530,50,674,479,2,,514,82,61,1,#N/A,#N/A,514,82,#N/A,#N/A,#N/A,#N/A,#N/A,#N/A,,,,,car,44,0.855,530,50,674,479,2,,,,,,,,,,
61,514,82,505,90,1,,392,488,48,0,392,488,#N/A,#N/A,#N/A,#N/A,#N/A,#N/A,#N/A,#N/A,,,,,car,61,0.908,514,82,505,90,1,,,,,,,,,,
48,534,67,392,488,0,,790,50,67,4,#N/A,#N/A,#N/A,#N/A,#N/A,#N/A,#N/A,#N/A,790,50,,,,,car,48,0.870,534,67,392,488,0,,,,,,,,,,
67,790,50,765,47,4,,539,55,70,1,#N/A,#N/A,539,55,#N/A,#N/A,#N/A,#N/A,#N/A,#N/A,,,,,car,67,0.817,790,50,765,47,4,,,,,,,,,,
70,529,53,539,55,1,,550,19,38,2,#N/A,#N/A,#N/A,#N/A,550,19,#N/A,#N/A,#N/A,#N/A,,,,,car,70,0.905,529,53,539,55,1,,,,,,,,,,
38,550,19,904,436,2,,811,56,75,4,#N/A,#N/A,#N/A,#N/A,#N/A,#N/A,#N/A,#N/A,811,56,,,,,car,38,0.829,550,19,904,436,2,,,,,,,,,,
75,824,57,811,56,4,,496,45,73,1,#N/A,#N/A,496,45,#N/A,#N/A,#N/A,#N/A,#N/A,#N/A,,,,,car,75,0.735,824,57,811,56,4,,,,,,,,,,
73,496,45,496,46,1,,398,500,52,0,398,500,#N/A,#N/A,#N/A,#N/A,#N/A,#N/A,#N/A,#N/A,,,,,car,73,0.805,496,45,496,46,1,,,,,,,,,,
52,510,68,398,500,0,,531,38,51,1,#N/A,#N/A,531,38,#N/A,#N/A,#N/A,#N/A,#N/A,#N/A,,,,,car,52,0.874,510,68,398,500,0,,,,,,,,,,
51,531,38,537,38,1,,341,489,64,0,341,489,#N/A,#N/A,#N/A,#N/A,#N/A,#N/A,#N/A,#N/A,,,,,car,51,0.808,531,38,537,38,1,,,,,,,,,,
64,507,92,341,489,0,,512,68,56,0,512,68,#N/A,#N/A,#N/A,#N/A,#N/A,#N/A,#N/A,#N/A,,,,,car,64,0.850,507,92,341,489,0,,,,,,,,,,
56,512,68,79,474,0,,910,444,59,2,#N/A,#N/A,#N/A,#N/A,910,444,#N/A,#N/A,#N/A,#N/A,,,,,car,56,0.876,512,68,79,474,0,,,,,,,,,,
59,560,64,910,444,2,,494,46,68,1,#N/A,#N/A,494,46,#N/A,#N/A,#N/A,#N/A,#N/A,#N/A,,,,,car,59,0.861,560,64,910,444,2,,,,,,,,,,
68,494,46,493,28,1,,528,42,60,1,#N/A,#N/A,528,42,#N/A,#N/A,#N/A,#N/A,#N/A,#N/A,,,,,car,68,0.785,494,46,493,28,1,,,,,,,,,,
60,553,53,528,42,1,,588,49,80,1,#N/A,#N/A,588,49,#N/A,#N/A,#N/A,#N/A,#N/A,#N/A,,,,,car,60,0.878,553,53,528,42,1,,,,,,,,,,
80,588,49,588,49,1,,574,30,79,1,#N/A,#N/A,574,30,#N/A,#N/A,#N/A,#N/A,#N/A,#N/A,,,,,car,80,0.825,588,49,588,49,1,,,,,,,,,,
79,569,29,574,30,1,,547,25,78,1,#N/A,#N/A,547,25,#N/A,#N/A,#N/A,#N/A,#N/A,#N/A,,,,,car,79,0.769,569,29,574,30,1,,,,,,,,,,
78,547,25,551,25,1,,580,40,77,1,#N/A,#N/A,580,40,#N/A,#N/A,#N/A,#N/A,#N/A,#N/A,,,,,car,78,0.781,547,25,551,25,1,,,,,,,,,,
77,573,46,580,40,1,,531,28,76,1,#N/A,#N/A,531,28,#N/A,#N/A,#N/A,#N/A,#N/A,#N/A,,,,,car,77,0.880,573,46,580,40,1,,,,,,,,,,
76,531,28,532,25,1,,598,59,74,1,#N/A,#N/A,598,59,#N/A,#N/A,#N/A,#N/A,#N/A,#N/A,,,,,car,76,0.814,531,28,532,25,1,,,,,,,,,,
74,572,48,598,59,1,,528,55,71,1,#N/A,#N/A,528,55,#N/A,#N/A,#N/A,#N/A,#N/A,#N/A,,,,,car,74,0.903,572,48,598,59,1,,,,,,,,,,
71,528,55,493,67,1,,578,34,69,1,#N/A,#N/A,578,34,#N/A,#N/A,#N/A,#N/A,#N/A,#N/A,,,,,car,71,0.930,528,55,493,67,1,,,,,,,,,,
69,565,40,578,34,1,,517,43,66,1,#N/A,#N/A,517,43,#N/A,#N/A,#N/A,#N/A,#N/A,#N/A,,,,,car,69,0.893,565,40,578,34,1,,,,,,,,,,
66,517,43,528,42,1,,551,37,65,1,#N/A,#N/A,551,37,#N/A,#N/A,#N/A,#N/A,#N/A,#N/A,,,,,car,66,0.877,517,43,528,42,1,,,,,,,,,,
65,556,43,551,37,1,,532,51,57,1,#N/A,#N/A,532,51,#N/A,#N/A,#N/A,#N/A,#N/A,#N/A,,,,,car,65,0.839,556,43,551,37,1,,,,,,,,,,
57,532,51,576,110,1,,468,241,55,1,#N/A,#N/A,468,241,#N/A,#N/A,#N/A,#N/A,#N/A,#N/A,,,,,car,57,0.907,532,51,576,110,1,,,,,,,,,,
55,516,69,468,241,1,,513,53,49,1,#N/A,#N/A,513,53,#N/A,#N/A,#N/A,#N/A,#N/A,#N/A,,,,,car,55,0.882,516,69,468,241,1,,,,,,,,,,
49,513,53,526,52,1,,509,94,72,1,#N/A,#N/A,509,94,#N/A,#N/A,#N/A,#N/A,#N/A,#N/A,,,,,car,49,0.891,513,53,526,52,1,,,,,,,,,,
72,522,63,509,94,1,,190,9,13,3,#N/A,#N/A,#N/A,#N/A,#N/A,#N/A,190,9,#N/A,#N/A,,,,,car,72,0.893,522,63,509,94,1,,,,,,,,,,
13,190,9,212,60,3,,95,75,5,3,#N/A,#N/A,#N/A,#N/A,#N/A,#N/A,95,75,#N/A,#N/A,,,,,car,13,0.699,190,9,212,60,3,,,,,,,,,,
5,82,13,95,75,3,,298,8,34,3,#N/A,#N/A,#N/A,#N/A,#N/A,#N/A,298,8,#N/A,#N/A,,,,,car,5,0.790,82,13,95,75,3,,,,,,,,,,
34,298,8,305,46,3,,259,51,31,3,#N/A,#N/A,#N/A,#N/A,#N/A,#N/A,259,51,#N/A,#N/A,,,,,car,34,0.816,298,8,305,46,3,,,,,,,,,,
31,253,7,259,51,3,,478,6,35,1,#N/A,#N/A,478,6,#N/A,#N/A,#N/A,#N/A,#N/A,#N/A,,,,,car,31,0.781,253,7,259,51,3,,,,,,,,,,
35,478,6,503,41,1,,667,418,39,2,#N/A,#N/A,#N/A,#N/A,667,418,#N/A,#N/A,#N/A,#N/A,,,,,car,35,0.928,478,6,503,41,1,,,,,,,,,,
39,527,37,667,418,2,,680,78,81,2,#N/A,#N/A,#N/A,#N/A,680,78,#N/A,#N/A,#N/A,#N/A,,,,,car,39,0.871,527,37,667,418,2,,,,,,,,,,
81,680,78,911,406,2,,189,24,83,3,#N/A,#N/A,#N/A,#N/A,#N/A,#N/A,189,24,#N/A,#N/A,,,,,car,81,0.747,680,78,911,406,2,,,,,,,,,,
83,144,14,189,24,3,,477,7,84,0,477,7,#N/A,#N/A,#N/A,#N/A,#N/A,#N/A,#N/A,#N/A,,,,,car,83,0.611,144,14,189,24,3,,,,,,,,,,
84,477,7,279,512,0,,923,464,87,2,#N/A,#N/A,#N/A,#N/A,923,464,#N/A,#N/A,#N/A,#N/A,,,,,car,84,0.811,477,7,279,512,0,,,,,,,,,,
87,555,6,923,464,2,,518,7,85,2,#N/A,#N/A,#N/A,#N/A,518,7,#N/A,#N/A,#N/A,#N/A,,,,,car,87,0.798,555,6,923,464,2,,,,,,,,,,
85,518,7,914,450,2,,312,512,91,0,312,512,#N/A,#N/A,#N/A,#N/A,#N/A,#N/A,#N/A,#N/A,,,,,car,85,0.796,518,7,914,450,2,,,,,,,,,,
91,480,5,312,512,0,,511,4,89,2,#N/A,#N/A,#N/A,#N/A,511,4,#N/A,#N/A,#N/A,#N/A,,,,,car,91,0.783,480,5,312,512,0,,,,,,,,,,
89,511,4,680,510,2,,680,527,93,2,#N/A,#N/A,#N/A,#N/A,680,527,#N/A,#N/A,#N/A,#N/A,,,,,car,89,0.764,511,4,680,510,2,,,,,,,,,,
93,522,20,680,527,2,,520,4,99,2,#N/A,#N/A,#N/A,#N/A,520,4,#N/A,#N/A,#N/A,#N/A,,,,,car,93,0.770,522,20,680,527,2,,,,,,,,,,
99,520,4,642,403,2,,671,447,95,2,#N/A,#N/A,#N/A,#N/A,671,447,#N/A,#N/A,#N/A,#N/A,,,,,car,99,0.786,520,4,642,403,2,,,,,,,,,,
95,527,11,671,447,2,,571,18,97,2,#N/A,#N/A,#N/A,#N/A,571,18,#N/A,#N/A,#N/A,#N/A,,,,,car,95,0.748,527,11,671,447,2,,,,,,,,,,
97,571,18,900,439,2,,911,451,98,2,#N/A,#N/A,#N/A,#N/A,911,451,#N/A,#N/A,#N/A,#N/A,,,,,car,97,0.742,571,18,900,439,2,,,,,,,,,,
98,560,4,911,451,2,,524,3,100,2,#N/A,#N/A,#N/A,#N/A,524,3,#N/A,#N/A,#N/A,#N/A,,,,,car,98,0.794,560,4,911,451,2,,,,,,,,,,
100,524,3,691,495,2,,552,13,111,1,#N/A,#N/A,552,13,#N/A,#N/A,#N/A,#N/A,#N/A,#N/A,,,,,car,100,0.795,524,3,691,495,2,,,,,,,,,,
111,538,11,552,13,1,,343,25,121,3,#N/A,#N/A,#N/A,#N/A,#N/A,#N/A,343,25,#N/A,#N/A,,,,,car,111,0.598,538,11,552,13,1,,,,,,,,,,
121,343,25,340,26,3,,644,378,103,2,#N/A,#N/A,#N/A,#N/A,644,378,#N/A,#N/A,#N/A,#N/A,,,,,car,121,0.729,343,25,340,26,3,,,,,,,,,,
103,530,7,644,378,2,,314,36,123,3,#N/A,#N/A,#N/A,#N/A,#N/A,#N/A,314,36,#N/A,#N/A,,,,,car,103,0.808,530,7,644,378,2,,,,,,,,,,
123,314,36,319,41,3,,475,27,126,1,#N/A,#N/A,475,27,#N/A,#N/A,#N/A,#N/A,#N/A,#N/A,,,,,car,123,0.584,314,36,319,41,3,,,,,,,,,,
126,476,21,475,27,1,,357,39,128,3,#N/A,#N/A,#N/A,#N/A,#N/A,#N/A,357,39,#N/A,#N/A,,,,,car,126,0.633,476,21,475,27,1,,,,,,,,,,
128,357,39,363,42,3,,523,28,118,1,#N/A,#N/A,523,28,#N/A,#N/A,#N/A,#N/A,#N/A,#N/A,,,,,car,128,0.634,357,39,363,42,3,,,,,,,,,,
118,526,22,523,28,1,,508,3,104,0,508,3,#N/A,#N/A,#N/A,#N/A,#N/A,#N/A,#N/A,#N/A,,,,,car,118,0.811,526,22,523,28,1,,,,,,,,,,
104,508,3,411,469,0,,406,488,102,0,406,488,#N/A,#N/A,#N/A,#N/A,#N/A,#N/A,#N/A,#N/A,,,,,car,104,0.801,508,3,411,469,0,,,,,,,,,,
102,484,3,406,488,0,,523,6,113,1,#N/A,#N/A,523,6,#N/A,#N/A,#N/A,#N/A,#N/A,#N/A,,,,,car,102,0.788,484,3,406,488,0,,,,,,,,,,
113,523,6,539,29,1,,484,44,131,1,#N/A,#N/A,484,44,#N/A,#N/A,#N/A,#N/A,#N/A,#N/A,,,,,car,113,0.707,523,6,539,29,1,,,,,,,,,,
131,481,40,484,44,1,,510,41,127,1,#N/A,#N/A,510,41,#N/A,#N/A,#N/A,#N/A,#N/A,#N/A,,,,,car,131,0.665,481,40,484,44,1,,,,,,,,,,
127,510,41,519,42,1,,548,46,122,1,#N/A,#N/A,548,46,#N/A,#N/A,#N/A,#N/A,#N/A,#N/A,,,,,car,127,0.773,510,41,519,42,1,,,,,,,,,,
122,540,13,548,46,1,,507,37,124,1,#N/A,#N/A,507,37,#N/A,#N/A,#N/A,#N/A,#N/A,#N/A,,,,,car,122,0.817,540,13,548,46,1,,,,,,,,,,
124,507,37,510,59,1,,644,477,107,2,#N/A,#N/A,#N/A,#N/A,644,477,#N/A,#N/A,#N/A,#N/A,,,,,car,124,0.782,507,37,510,59,1,,,,,,,,,,
107,539,12,644,477,2,,,,,,,,,,,,,,,,,,,,car,107,0.792,539,12,644,477,2,,,,,,,,,,
110,545,3,882,447,2,,,,,,,,,,,,,,,,,,,,car,110,0.831,545,3,882,447,2,,,,,,,,,,
